{"cameraMode":{"drawMode":0,"name":"Shaded","section":"Shading Mode"},"sceneLighting":false,"audioPlay":false,"sceneViewState":{"showFog":true,"showMaterialUpdate":false,"showSkybox":false,"showFlares":true,"showImageEffects":true,"showParticleSystems":true},"in2DMode":false,"pivot":{"x":14.553829193115235,"y":23.58484649658203,"z":55.900238037109378},"rotation":{"x":-0.03446982800960541,"y":0.03806113451719284,"z":-0.0012999585596844555,"w":-0.9987242817878723},"size":76.54732513427735,"orthographic":false}