{"cameraMode":{"drawMode":0,"name":"Shaded","section":"Shading Mode"},"sceneLighting":false,"audioPlay":false,"sceneViewState":{"showFog":true,"showMaterialUpdate":false,"showSkybox":false,"showFlares":true,"showImageEffects":true,"showParticleSystems":true},"in2DMode":false,"pivot":{"x":33.092140197753909,"y":8.675313949584961,"z":50.207576751708987},"rotation":{"x":-0.04734570160508156,"y":-0.1620093435049057,"z":0.007796488702297211,"w":-0.9856677055358887},"size":76.54732513427735,"orthographic":false}