{"cameraMode":{"drawMode":0,"name":"Shaded","section":"Shading Mode"},"sceneLighting":false,"audioPlay":false,"sceneViewState":{"showFog":true,"showMaterialUpdate":false,"showSkybox":false,"showFlares":true,"showImageEffects":true,"showParticleSystems":true},"in2DMode":false,"pivot":{"x":4.133720397949219,"y":1.5458483695983887,"z":20.9443302154541},"rotation":{"x":0.007492531090974808,"y":0.03845858573913574,"z":-0.0003888600040227175,"w":0.9993718266487122},"size":31.19601058959961,"orthographic":false}