{"cameraMode":{"drawMode":0,"name":"Shaded","section":"Shading Mode"},"sceneLighting":false,"audioPlay":false,"sceneViewState":{"showFog":true,"showMaterialUpdate":false,"showSkybox":false,"showFlares":true,"showImageEffects":true,"showParticleSystems":true},"in2DMode":false,"pivot":{"x":64.92515563964844,"y":15.030436515808106,"z":-15.611499786376954},"rotation":{"x":-0.08390220999717713,"y":-0.0068854037672281269,"z":0.0005833864561282098,"w":-0.9964881539344788},"size":27.7573184967041,"orthographic":false}