{"cameraMode":{"drawMode":0,"name":"Shaded","section":"Shading Mode"},"sceneLighting":false,"audioPlay":false,"sceneViewState":{"showFog":true,"showMaterialUpdate":false,"showSkybox":false,"showFlares":true,"showImageEffects":true,"showParticleSystems":true},"in2DMode":false,"pivot":{"x":45.5167350769043,"y":1.7309666872024537,"z":28.110950469970704},"rotation":{"x":-0.1321103572845459,"y":-0.15626680850982667,"z":0.0218023844063282,"w":-0.9786393642425537},"size":64.98199462890625,"orthographic":false}